"ID";"Gruppe";"Alter";"ASI_01";"ASI_02";"ASI_03";"ASI_04";"ASI_05";"ASI_06";"ASI_07";"ASI_08";"ASI_09";"ASI_10";"ASI_11";"ASI_12";"ASI_13";"ASI_14";"ASI_15";"ASI_16";"ASI_17";"ASI_18";"ASI_19";"ASI_20";"ASI_21";"ASI_22";"ASI_HS";"ASI_BS";"ASI_Gesamt";"Erlebter_Sexismus";"ASI_Dauer_min";"Aufgabe_vollstaendig";"RT_BS_korrekt_M";"Trefferquote";"Falschalarmrate";"d_prime";"Ausschluss";"Ausschlussgrund"
"P001";"hetero";19;2;2;5;1;1;3;4;2;2;0;0;2;3;2;0;1;1;3;2;1;4;2;1;1,64;1,32;3,8;6,5;1;2226,9;1;0,1;2,787;0;NA
"P002";"hetero";21;2;1;4;1;1;3;2;2;3;1;1;1;3;1;1;0;2;4;2;1;5;2;1;1,82;1,41;3,6;6,5;1;2626,8;0,8;0,2;1,496;0;NA
"P003";"hetero";23;2;1;3;2;2;3;5;3;2;2;2;2;3;1;1;1;2;4;2;2;4;3;1,27;2,18;1,73;2,4;13,2;1;2002,4;0,8;0,2;1,496;0;NA
"P004";"queer";22;1;2;3;2;1;3;3;3;3;1;2;2;3;2;1;1;2;3;2;3;3;2;1,64;2,18;1,91;6;4,8;1;1851,4;0,8;0,2;1,496;0;NA
"P005";"hetero";20;2;2;3;1;1;3;3;2;2;2;2;1;2;2;1;2;2;3;3;2;4;2;1,64;2,09;1,86;4,8;10,9;1;2183,2;0,8;0,4;0,978;0;NA
"P006";"hetero";21;3;3;2;2;4;3;2;2;3;2;3;2;1;3;2;4;4;2;2;2;2;3;2,91;2,73;2,82;3,1;4,9;1;2347;0,9;0,1;2,194;0;NA
"P007";"hetero";23;3;0;4;1;1;4;5;1;3;2;0;2;3;1;1;1;2;4;2;2;5;2;0,73;1,91;1,32;3,3;12,1;1;1728,7;0,6;0,5;0,23;0;NA
"P008";"hetero";23;1;1;4;1;1;2;4;1;2;2;1;2;3;0;2;0;3;3;3;1;4;3;1,09;2;1,55;1,9;4,2;1;1900,1;0,9;0;2,787;0;NA
"P009";"queer";18;1;3;2;2;0;4;2;1;2;0;0;2;4;2;0;2;1;4;1;2;3;2;1,36;1,55;1,45;5,3;12,7;1;1799,2;0,9;0,1;2,194;0;NA
"P010";"queer";23;2;1;5;0;0;4;5;2;2;0;1;0;3;0;1;0;0;5;0;2;5;2;0,27;1,18;0,73;4,4;8,6;1;1832,3;0,9;0;2,787;0;NA
"P011";"hetero";21;3;2;3;0;2;2;3;3;1;1;3;2;2;2;2;2;1;3;3;3;2;2;1,91;2,36;2,14;3,5;9,9;1;1736;0,5;0,3;0,473;0;NA
"P012";"hetero";24;4;1;2;2;2;3;3;2;3;1;0;4;2;2;2;2;2;2;2;3;4;3;1,64;2,82;2,23;3;11,7;1;2100,9;0,8;0,2;1,496;0;NA
"P013";"queer";22;1;1;4;2;1;4;3;2;3;2;1;2;4;2;1;2;3;4;2;2;3;1;1,55;1,73;1,64;4,1;12;1;1918,8;1;0;3,381;0;NA
"P014";"hetero";22;2;0;2;1;2;3;4;1;2;2;2;3;2;1;1;1;2;3;2;1;3;1;1,36;2;1,68;3;11,8;1;1984,5;0,8;0,1;1,845;0;NA
"P015";"queer";23;1;1;4;1;1;3;4;1;2;1;0;3;3;2;2;0;0;4;1;2;3;1;1,09;1,45;1,27;3,8;5,1;1;1858,4;0,9;0;2,787;0;NA
"P016";"queer";21;1;1;4;1;1;4;5;0;0;1;2;1;3;2;2;2;1;3;1;2;4;0;1,36;0,91;1,14;3,8;9,8;1;1789,8;0,8;0,1;1,845;0;NA
"P017";"queer";23;2;1;5;3;2;4;2;2;2;2;1;4;2;2;1;0;2;4;2;1;4;3;1,55;2;1,77;3,7;8,3;1;1965,2;0,9;0,5;1,097;0;NA
"P018";"queer";20;2;0;3;1;1;3;5;1;2;0;1;2;3;1;2;0;2;4;2;2;4;2;0,73;1,91;1,32;5,8;10,4;1;1659,1;0,7;0,2;1,221;0;NA
"P019";"queer";25;2;1;3;1;2;4;5;0;1;2;0;1;4;2;1;2;2;4;2;1;2;1;1,36;1,27;1,32;6;12,1;1;2096,8;0,9;0,6;0,867;0;NA
"P020";"queer";23;2;0;5;0;1;4;3;0;2;2;1;1;3;0;0;1;1;4;1;1;3;1;0,91;1,09;1;2,4;6,3;1;2044,1;0,7;0,1;1,57;0;NA
"P021";"hetero";19;2;1;1;1;3;3;2;4;3;2;1;3;3;2;3;2;2;3;4;2;1;3;2,18;2,82;2,5;3,2;8,5;1;1531,5;0,4;0,4;0;0;NA
"P022";"hetero";25;3;2;2;3;1;3;3;1;2;2;2;2;1;1;2;1;2;3;3;3;2;2;1,91;2,45;2,18;2,7;7,6;1;2192,2;0,9;0,1;2,194;0;NA
"P023";"hetero";19;2;1;3;2;1;3;4;1;2;0;1;1;3;2;3;0;1;4;3;2;3;2;1,27;1,82;1,55;2,6;10,3;1;1563,6;0,8;0,4;0,978;0;NA
"P024";"queer";25;1;1;2;0;0;4;3;2;2;0;0;3;4;0;0;1;2;3;2;2;4;3;0,64;2;1,32;4,8;10,9;1;1767,9;0,9;0;2,787;0;NA
"P025";"queer";21;0;2;4;2;1;5;4;1;1;2;2;2;3;1;2;2;1;3;0;0;3;1;1,73;0,82;1,27;1,1;4,2;1;1575;0,9;0;2,787;0;NA
"P026";"queer";20;2;1;4;2;2;3;5;2;2;3;1;1;3;2;2;2;1;5;0;3;2;1;1,64;1,55;1,59;4,8;13;1;1895,9;0,8;0,2;1,496;0;NA
"P027";"hetero";22;3;4;3;3;3;2;1;2;3;4;3;3;1;4;4;4;2;3;3;2;2;3;3,45;2,73;3,09;1,5;11,6;1;2358,5;0,8;0,2;1,496;0;NA
"P028";"hetero";18;1;1;4;2;1;3;2;2;2;3;2;2;2;2;2;1;2;4;1;3;3;4;1,82;2,09;1,95;3,3;13;1;1815,8;0,6;0,3;0,703;0;NA
"P029";"queer";25;0;2;4;3;2;3;2;1;1;2;2;0;3;1;2;1;2;3;2;3;3;2;2;1,45;1,73;3,7;6,9;1;2099,8;1;0,2;2,438;0;NA
"P030";"queer";24;2;2;4;0;1;4;2;2;3;2;1;2;3;2;1;1;2;5;1;3;3;3;1,36;2;1,68;3,5;5,3;1;1676,5;0,8;0,3;1,221;0;NA
"P031";"queer";23;2;2;3;1;1;2;3;2;3;0;2;1;3;2;2;2;2;3;2;1;1;3;1,82;2,09;1,95;4;8,6;1;2107,1;0,9;0,3;1,57;0;NA
"P032";"queer";18;3;2;3;1;2;4;4;0;1;2;1;0;3;0;2;2;1;4;0;1;4;1;1,36;1,09;1,23;3,1;13,4;1;1750,6;0,7;0,1;1,57;0;NA
"P033";"queer";23;1;1;2;1;2;3;4;2;3;0;2;3;2;2;0;1;4;3;3;2;5;2;1,09;2,55;1,82;5,7;11,7;1;1727,8;0,8;0,2;1,496;0;NA
"P034";"hetero";21;5;1;3;2;2;2;2;2;3;3;1;4;2;1;3;2;2;3;4;4;3;3;2;3,18;2,59;1,6;8,1;1;2064,3;1;0,2;2,438;0;NA
"P035";"queer";25;2;1;3;1;0;5;4;1;1;1;2;0;3;2;1;1;1;4;1;1;3;1;1,18;1,09;1,14;2,6;13,1;1;1717,7;0,9;0,2;1,845;0;NA
"P036";"queer";24;2;1;5;2;2;4;3;2;1;3;2;1;4;1;2;2;2;3;2;2;3;3;1,91;1,55;1,73;3,9;4,6;1;1910,6;0,8;0,1;1,845;0;NA
"P037";"queer";20;3;2;4;1;1;4;4;2;2;2;2;1;2;2;1;3;1;4;1;2;3;0;1,64;1,55;1,59;4,1;4,4;1;1886,6;0,8;0,5;0,748;0;NA
"P038";"hetero";19;1;1;4;1;0;3;4;2;1;1;1;1;4;2;1;1;1;2;1;1;3;1;1,27;1,18;1,23;4,3;4,9;1;1959,1;1;0,1;2,787;0;NA
"P039";"hetero";20;3;2;2;2;0;3;4;1;2;1;1;2;2;3;3;2;3;4;2;3;3;2;1,64;2,36;2;3;9,1;1;1985,2;0,9;0,5;1,097;0;NA
"P040";"queer";22;1;2;3;2;2;4;3;2;1;2;1;1;4;3;2;0;2;4;1;3;4;1;1,64;1,45;1,55;3;12,4;1;1533,9;0,8;0,2;1,496;0;NA
"P041";"queer";21;1;1;4;0;1;4;4;1;1;2;1;0;3;2;1;1;0;5;1;1;4;0;1;0,82;0,91;3,5;7,1;1;1825,1;0,9;0,2;1,845;0;NA
"P042";"hetero";21;2;1;1;1;1;2;4;4;4;1;0;4;2;1;1;1;3;3;2;4;5;3;0,91;3,27;2,09;2,4;4,6;1;1777;0,6;0,3;0,703;0;NA
"P043";"hetero";20;0;1;3;2;2;4;3;1;2;1;1;1;4;0;1;2;1;3;3;2;4;2;1,36;1,45;1,41;2,8;8,7;1;1831,1;0,8;0;2,438;0;NA
"P044";"queer";24;2;1;2;1;1;2;4;2;2;1;2;1;3;1;1;1;1;4;1;2;2;2;1,27;1,91;1,59;4,5;5,8;1;1666;0,8;0;2,438;0;NA
"P045";"hetero";23;2;4;3;2;1;3;2;3;2;2;2;3;2;2;2;2;3;4;1;2;4;3;2;2,36;2,18;2,9;9,6;1;1840,4;0,9;0;2,787;0;NA
"P046";"hetero";18;4;1;3;2;3;2;3;4;3;2;3;3;1;2;3;2;3;2;4;3;1;3;2,45;3,27;2,86;2,6;4,6;1;1890,1;0,8;0,1;1,845;0;NA
"P047";"hetero";25;3;1;3;1;2;2;4;1;1;1;1;3;4;2;0;1;2;3;1;2;5;1;1,09;1,82;1,45;3,7;4;1;2179;0,8;0,2;1,496;0;NA
"P048";"hetero";18;3;3;2;2;3;2;2;2;4;2;3;3;3;2;3;4;2;3;3;3;2;2;2,73;2,73;2,73;2,3;13,6;1;2006,4;0,7;0,2;1,221;0;NA
"P049";"hetero";19;2;2;3;1;3;2;2;3;2;1;1;3;1;3;1;0;3;3;1;0;5;3;1,55;2,36;1,95;3,1;7,1;1;2222,1;0,8;0,1;1,845;0;NA
"P050";"hetero";19;2;3;3;1;3;3;4;2;0;0;2;1;4;1;3;0;2;3;3;0;4;1;1,55;1,45;1,5;3,5;6,5;1;1943,7;0,6;0,3;0,703;0;NA
"P051";"queer";22;0;1;3;0;0;3;4;1;2;2;3;2;3;0;1;1;2;4;2;1;4;1;1;1,55;1,27;3,5;12,3;1;1692,4;0,8;0,3;1,221;0;NA
"P052";"hetero";24;2;0;3;2;1;4;4;2;2;2;0;0;4;1;1;1;3;4;1;2;4;2;1;1,64;1,32;4,1;13,7;1;2017,4;1;0,2;2,438;0;NA
"P053";"hetero";23;2;0;3;0;1;3;5;3;1;2;0;1;3;0;1;1;2;5;3;2;5;2;0,45;2;1,23;3;14;1;1895,6;0,9;0,2;1,845;0;NA
"P054";"queer";18;2;0;4;1;1;2;4;1;1;1;1;2;1;2;1;0;2;4;2;2;3;2;1;2;1,5;5,7;13;1;1602,4;0,9;0,1;2,194;0;NA
"P055";"queer";21;1;3;2;3;2;3;4;3;1;2;1;2;4;3;2;3;2;3;2;3;2;3;2,27;2,09;2,18;3,8;8,6;1;2075,3;0,7;0;2,163;0;NA
"P056";"hetero";22;2;3;3;2;3;2;4;4;4;2;3;4;1;3;3;2;3;4;3;4;4;4;2,18;3,36;2,77;2,7;9,2;1;2129,4;0,7;0,2;1,221;0;NA
"P057";"hetero";25;3;1;2;1;2;1;3;4;3;2;1;3;2;2;3;0;4;3;3;4;5;4;1,45;3,45;2,45;2,1;14;1;2056,7;0,9;0,3;1,57;0;NA
"P058";"hetero";19;1;2;5;1;1;5;5;1;0;1;2;0;4;1;0;0;0;4;1;1;4;1;0,91;0,55;0,73;3,2;12,5;1;1959,9;0,7;0,1;1,57;0;NA
"P059";"hetero";23;4;3;2;2;3;3;1;3;4;3;4;3;3;2;2;2;3;3;3;4;3;2;2,64;3;2,82;3,7;10,6;1;1917,7;1;0,2;2,438;0;NA
"P060";"queer";21;3;1;4;1;1;3;2;1;1;3;2;2;4;1;1;1;3;4;2;2;2;1;1,64;1,73;1,68;2,7;10,8;1;1829,9;0,9;0,1;2,194;0;NA
"P061";"hetero";25;2;2;3;3;2;4;4;0;0;3;2;1;3;2;4;2;1;3;1;0;2;0;2,36;0,91;1,64;1,5;23,7;1;2901,4;0,5;0,2;0,748;1;"ASI-Dauer > 20 min"
"P062";"queer";24;2;1;4;2;1;3;4;3;2;1;2;1;3;2;2;1;1;2;2;2;3;2;1,64;1,82;1,73;2,9;6,3;1;1847,1;0,7;0,3;0,946;0;NA
"P063";"queer";18;2;1;4;2;0;5;3;2;1;1;1;1;5;1;1;3;3;3;0;2;5;2;1,27;1,27;1,27;4;9,3;1;1867,7;0,9;0,2;1,845;0;NA
"P064";"queer";20;2;2;3;2;2;3;2;2;3;1;3;2;3;3;2;3;3;1;2;3;3;2;2,45;2,27;2,36;4;7,4;1;1949,7;0,6;0,2;0,978;0;NA
"P065";"hetero";19;2;2;4;2;1;2;2;2;1;3;2;3;4;2;3;2;4;3;1;1;2;3;2,27;2;2,14;2,3;4,1;1;2006,9;1;0,3;2,163;0;NA
"P066";"queer";19;3;2;2;0;2;4;5;2;2;0;2;2;1;2;2;1;3;5;2;3;4;4;1,09;2,64;1,86;3,6;6,8;1;1856,2;0,8;0,4;0,978;0;NA
"P067";"queer";18;4;1;3;2;2;5;4;3;1;2;1;3;2;1;0;3;2;4;2;4;3;1;1,45;2,27;1,86;4;9,1;1;1852,2;0,6;0,1;1,327;0;NA
"P068";"queer";24;2;2;2;2;2;3;2;3;2;2;2;1;4;2;1;1;1;4;2;3;3;3;1,82;2,09;1,95;4,4;7,9;1;1809,6;0,7;0,3;0,946;0;NA
"P069";"hetero";24;1;2;3;2;2;3;3;3;2;2;0;2;2;1;0;2;3;5;2;2;3;2;1,36;2,18;1,77;2,1;9,9;1;1734,8;0,9;0,2;1,845;0;NA
"P070";"queer";21;2;1;4;1;0;3;4;1;1;0;1;1;3;2;0;2;2;3;3;1;4;1;1;1,55;1,27;2,4;6,2;1;1723,4;0,9;0;2,787;0;NA
"P071";"queer";25;1;0;5;1;0;3;4;2;1;0;1;2;3;1;0;0;1;5;1;1;4;1;0,45;1,27;0,86;3,6;13,5;1;1667;0,8;0;2,438;0;NA
"P072";"hetero";24;1;1;3;2;2;4;2;1;2;2;1;1;4;2;1;3;0;4;1;2;4;1;1,73;1,18;1,45;4,7;4,9;1;1781,2;0,9;0;2,787;0;NA
"P073";"hetero";18;2;3;2;2;2;2;2;4;4;2;1;2;3;2;2;2;3;1;2;2;3;4;2,27;2,82;2,55;2,7;11,1;1;2266,2;0,8;0,2;1,496;0;NA
"P074";"queer";23;1;1;3;2;2;3;3;3;2;2;2;2;3;1;3;3;2;3;3;2;4;2;1,91;2,09;2;3,7;6,4;1;2758,6;0,7;0,3;0,946;0;NA
"P075";"queer";24;2;1;4;0;1;4;4;1;1;3;1;1;5;0;2;2;3;5;2;1;4;2;1,09;1,36;1,23;4,2;13,4;1;2096,6;0,7;0,1;1,57;0;NA
"P076";"queer";23;3;1;4;0;2;3;5;2;2;1;0;1;2;2;1;1;2;4;2;2;5;1;0,82;1,91;1,36;2,5;7,1;1;1609,1;0,7;0,1;1,57;0;NA
"P077";"queer";23;1;0;1;2;2;3;4;1;2;2;2;2;1;1;2;2;2;2;2;2;3;3;1,73;2,27;2;4,7;9,7;1;1762,5;0,8;0,1;1,845;0;NA
"P078";"hetero";22;2;1;2;3;0;2;3;2;2;2;2;3;2;3;1;1;2;5;2;2;3;3;1,55;2,45;2;2,4;12,5;1;1826,8;0,4;0,4;0;0;NA
"P079";"hetero";25;3;1;3;2;1;1;5;3;5;1;1;4;1;3;2;3;4;5;3;4;3;4;1,45;3,64;2,55;1,5;13,3;1;2437,4;0,5;0,4;0,23;0;NA
"P080";"queer";25;1;2;5;3;1;5;3;0;0;3;2;0;5;1;3;3;1;4;1;0;5;0;1,91;0,27;1,09;3,8;10,1;1;1756;0,9;0,1;2,194;0;NA
"P081";"queer";20;2;1;5;2;2;2;3;2;3;3;2;2;3;3;2;3;1;2;2;2;4;3;2,18;2;2,09;3,9;9,4;1;1802,9;0,7;0,2;1,221;0;NA
"P082";"queer";20;1;1;3;0;2;4;3;1;1;2;0;0;5;1;1;2;1;4;0;0;4;1;1,18;0,73;0,95;5;9,9;1;2335;0,9;0,1;2,194;0;NA
"P083";"queer";23;1;1;2;0;1;4;5;2;1;1;2;2;4;0;2;1;1;3;1;2;4;1;1;1,45;1,23;4,5;7,3;1;1869,8;1;0,2;2,438;0;NA
"P084";"queer";19;1;2;3;2;1;4;3;3;0;2;2;2;3;1;0;1;1;5;0;2;4;1;1,27;1,36;1,32;3,7;9,2;1;2023,4;0,7;0,1;1,57;0;NA
"P085";"hetero";19;2;2;3;2;2;4;3;2;2;1;1;3;2;3;3;2;2;3;1;3;3;2;2;2,09;2,05;4;4,4;1;2122,1;1;0,1;2,787;0;NA
"P086";"queer";22;0;0;4;1;0;4;4;1;1;1;1;1;4;0;1;0;2;3;1;2;5;1;0,64;1,09;0,86;4,8;12,2;1;1918,6;0,9;0,2;1,845;0;NA
"P087";"queer";18;1;1;5;1;1;3;5;0;1;2;1;0;2;1;0;0;1;5;1;1;5;1;0,64;1;0,82;5,7;11,7;1;1808,7;0,6;0,4;0,46;0;NA
"P088";"queer";19;2;2;3;2;3;3;3;2;1;1;1;1;2;2;2;3;2;2;2;1;4;2;2;1,82;1,91;3,4;11,3;1;2195,7;1;0,1;2,787;0;NA
"P089";"queer";23;3;1;4;2;2;4;4;2;3;2;2;1;5;0;2;0;1;4;1;1;4;1;1,27;1,36;1,32;4,2;12,3;1;2078,9;1;0,1;2,787;0;NA
"P090";"hetero";23;2;1;4;2;3;5;3;1;3;4;2;0;4;3;3;3;1;2;0;0;3;0;2,55;0,82;1,68;2,5;7,3;1;1750;0,8;0,3;1,221;0;NA
"P091";"hetero";18;0;2;3;2;2;4;2;2;1;3;1;2;2;2;1;2;1;4;2;3;3;1;1,91;1,64;1,77;3,4;11,9;1;2357,5;0,8;0,1;1,845;0;NA
"P092";"queer";23;1;2;4;2;2;4;3;1;2;2;1;3;3;2;1;1;1;3;1;3;4;0;1,64;1,45;1,55;5,3;8,4;1;1597,6;0,7;0,4;0,703;0;NA
"P093";"queer";23;1;2;3;2;1;4;2;2;2;2;1;1;3;2;1;1;1;3;1;1;2;3;1,82;1,55;1,68;5;4,1;1;1694,7;1;0,1;2,787;0;NA
"P094";"queer";22;2;2;2;3;0;4;4;2;2;3;2;2;4;1;2;2;2;3;4;2;3;3;1,82;2,18;2;3,8;6,6;1;1987,8;0,9;0,3;1,57;0;NA
"P095";"queer";20;3;2;3;3;2;3;4;3;2;3;2;1;2;2;2;2;3;1;2;1;3;2;2,27;2,18;2,23;2;12,8;1;1913,1;1;0,4;1,921;0;NA
"P096";"hetero";19;2;1;4;1;3;4;4;0;2;2;1;1;5;2;2;2;2;4;1;1;1;1;1,82;1,09;1,45;2,6;5,5;1;2163,1;0,8;0,2;1,496;0;NA
"P097";"hetero";21;0;2;4;3;1;3;3;4;3;2;0;3;2;1;1;0;3;3;2;3;5;2;1,27;2,36;1,82;2,9;7,6;1;1891,1;0,9;0,2;1,845;0;NA
"P098";"queer";19;1;0;5;0;0;5;3;0;0;1;1;1;3;1;0;1;0;5;0;0;4;1;0,64;0,45;0,55;4,5;13;1;1773,3;1;0;3,381;0;NA
"P099";"queer";25;2;3;4;1;1;3;5;1;3;0;1;3;3;2;2;1;3;3;2;3;3;2;1,36;2,18;1,77;5,2;7;1;2487,4;0,9;0;2,787;0;NA
"P100";"queer";25;2;1;3;2;1;5;3;2;1;1;1;3;3;0;1;1;1;3;2;2;4;1;1,18;1,64;1,41;5,1;9,7;1;1356,9;0,8;0,3;1,221;0;NA
"P101";"hetero";19;4;3;2;0;0;2;4;3;5;1;2;2;1;2;1;2;3;4;1;4;5;3;1,18;3,18;2,18;3,5;9,5;1;2249,8;1;0,2;2,438;0;NA
"P102";"hetero";25;2;3;1;3;2;2;4;4;2;1;3;3;3;1;3;2;3;2;4;4;3;2;2,18;3;2,59;4,1;11,8;1;1862,4;0,8;0,1;1,845;0;NA
"P103";"hetero";21;4;2;2;3;1;2;3;3;1;2;2;3;3;1;4;2;2;3;3;2;2;3;2,18;2,64;2,41;2,4;7,3;1;1874;1;0;3,381;0;NA
"P104";"hetero";22;1;3;3;2;3;4;3;2;2;2;2;3;2;2;1;1;3;4;2;3;2;3;2;2,27;2,14;2,5;8,3;1;1867,2;0,9;0,1;2,194;0;NA
"P105";"queer";20;1;1;5;2;1;3;4;2;2;0;2;3;5;1;1;1;2;4;1;1;3;2;1,18;1,45;1,32;5,3;13,5;1;2201,6;1;0;3,381;0;NA
"P106";"hetero";25;3;2;3;2;4;1;3;4;3;3;2;3;3;1;3;3;3;2;1;4;3;3;2,45;2,91;2,68;3,5;11,2;1;1665;0,5;0,2;0,748;0;NA
"P107";"queer";19;4;3;3;2;2;4;3;2;3;3;3;4;1;3;3;2;2;2;2;3;2;3;2,64;2,73;2,68;4,9;7;1;1744,7;1;0;3,381;0;NA
"P108";"queer";19;1;1;2;2;1;3;5;1;1;3;2;2;4;0;1;2;2;3;2;2;3;3;1,45;1,82;1,64;4,9;13,2;1;1741,2;1;0,1;2,787;0;NA
"P109";"hetero";21;1;1;2;1;1;3;4;2;3;2;2;2;2;3;3;1;3;2;3;3;3;2;1,82;2,45;2,14;3,8;12,4;1;2115,3;0,9;0,1;2,194;0;NA
"P110";"queer";21;3;1;3;2;3;4;4;2;1;2;1;3;2;3;1;2;3;3;2;4;3;1;1,82;2,27;2,05;3,9;9,6;1;1860,2;0,8;0,2;1,496;0;NA
"P111";"hetero";19;2;1;1;2;2;2;3;4;3;1;2;2;3;3;2;2;3;3;3;2;2;2;2;2,73;2,36;3,9;10,5;1;2102,9;0,8;0,1;1,845;0;NA
"P112";"hetero";25;3;2;3;3;3;3;4;3;1;3;3;2;4;1;1;2;2;3;1;1;3;0;2,09;1,64;1,86;3,2;9,2;1;2027,4;0,9;0,1;2,194;0;NA
"P113";"hetero";24;2;2;2;2;2;2;2;3;2;1;2;2;2;0;3;1;1;3;1;2;3;2;1,82;2,18;2;4;11,9;0;NA;NA;NA;NA;1;"Aufgabe unvollstaendig"
"P114";"queer";23;1;1;4;0;0;3;5;3;1;1;2;2;4;1;0;0;1;3;3;2;4;1;0,73;1,64;1,18;5;11,8;1;1858,3;0,9;0,3;1,57;0;NA
"P115";"queer";22;3;1;3;0;1;4;3;2;1;2;2;2;2;3;1;1;1;4;3;1;4;3;1,36;2;1,68;4;7,2;1;1586;0,8;0,2;1,496;0;NA
"P116";"queer";25;2;1;3;1;0;3;5;3;3;2;1;3;1;1;1;0;1;4;2;1;3;3;0,91;2,36;1,64;5,8;9,5;1;1928;0,8;0,5;0,748;0;NA
"P117";"hetero";20;4;1;2;1;0;2;5;3;2;0;1;3;3;1;1;2;3;3;4;2;5;3;0,82;2,91;1,86;3,3;11,2;1;2243,1;0,7;0;2,163;0;NA
"P118";"hetero";19;1;0;2;1;1;2;3;2;2;1;2;4;2;1;2;1;4;4;2;2;4;2;1,18;2,55;1,86;4,5;12,7;1;1722,4;0,8;0,2;1,496;0;NA
"P119";"hetero";25;2;2;5;2;3;4;2;2;0;3;2;2;4;2;3;2;0;2;0;1;4;2;2,36;1;1,68;2,2;11;1;2023,3;0,6;0,4;0,46;0;NA
"P120";"hetero";18;1;3;5;3;4;3;2;0;2;4;4;2;3;4;3;2;1;2;2;1;2;1;3,27;1,27;2,27;4;12,3;1;2546,9;0,8;0,1;1,845;0;NA
"P121";"hetero";20;2;2;2;2;2;3;4;2;1;2;0;1;3;1;1;0;1;3;3;0;3;1;1,36;1,64;1,5;2,1;13,4;1;1456,4;0,9;0,1;2,194;0;NA
"P122";"queer";18;1;2;3;3;1;5;2;2;2;2;1;3;4;1;2;2;1;4;2;4;2;3;1,91;1,91;1,91;3,3;6,2;1;2357;0,6;0,3;0,703;0;NA
"P123";"queer";23;1;2;2;0;1;3;4;1;3;1;3;2;3;1;0;2;2;4;2;3;3;1;1,27;2;1,64;2,8;8,2;1;1684,1;1;0;3,381;0;NA
"P124";"queer";25;1;1;4;1;0;4;5;1;3;2;2;1;5;1;1;1;2;3;1;1;3;1;1,18;1,18;1,18;3,9;7;1;2044,6;0,7;0;2,163;0;NA
"P125";"hetero";23;2;3;2;4;3;5;3;2;1;2;3;1;3;2;2;3;3;3;1;2;2;4;2,64;1,91;2,27;3,3;5,3;1;2219,4;0,9;0,2;1,845;0;NA
"P126";"queer";24;3;1;2;2;2;2;2;2;1;2;3;3;3;0;2;2;2;3;2;2;3;2;1,91;2,27;2,09;3,7;4,2;1;2004,9;0,8;0,2;1,496;0;NA
"P127";"hetero";20;3;2;3;1;2;3;3;2;3;2;4;3;3;2;3;3;3;2;3;2;3;4;2,36;2,64;2,5;5,2;12,7;1;2185,2;0,5;0,1;1,097;0;NA
"P128";"queer";18;2;0;3;2;1;3;3;2;2;0;4;1;3;1;1;2;2;3;0;0;4;0;1,45;1,36;1,41;5;4,5;1;1815,6;0,9;0,3;1,57;0;NA
"P129";"hetero";18;3;4;3;3;2;2;1;3;2;2;1;2;3;2;2;2;3;4;3;3;1;2;2,45;2,55;2,5;2,3;10,1;1;2101,9;0,8;0,1;1,845;0;NA
"P130";"queer";18;4;2;5;3;2;5;4;2;2;2;2;1;4;1;1;2;1;5;0;2;4;2;1,55;1,36;1,45;4,2;7,5;1;1793,8;0,9;0,3;1,57;0;NA
"P131";"queer";25;1;1;4;2;2;4;3;0;1;2;3;1;3;1;2;1;2;3;2;3;3;2;1,82;1,45;1,64;3,9;8,2;1;1876,1;1;0,1;2,787;0;NA
"P132";"queer";19;3;0;2;2;0;3;5;2;1;1;0;2;3;1;1;2;2;3;3;2;3;2;1;2,18;1,59;4,4;8,2;1;1937,8;0,9;0;2,787;0;NA
"P133";"queer";25;1;0;5;1;1;5;4;1;0;1;0;2;3;2;2;1;1;5;1;1;4;1;0,91;0,91;0,91;4,1;4,6;1;1835,9;0,9;0,1;2,194;0;NA
"P134";"queer";19;2;0;4;1;0;3;4;2;2;0;1;1;3;1;1;0;2;4;1;3;3;3;0,73;1,91;1,32;2,8;4,6;1;1764;0,9;0,2;1,845;0;NA
"P135";"hetero";19;2;2;2;3;3;2;4;2;3;2;3;4;5;1;0;2;2;3;3;3;3;4;1,91;2,64;2,27;4,9;8,2;1;1817,2;0,8;0,1;1,845;0;NA
"P136";"hetero";20;3;1;3;1;1;2;3;2;2;1;2;1;5;2;2;1;2;5;3;1;4;2;1,27;1,91;1,59;4,3;11;1;1960,5;0,8;0,3;1,221;0;NA
"P137";"queer";19;1;0;2;2;0;4;3;1;1;0;3;3;3;2;1;2;3;3;3;2;3;2;1,45;2;1,73;4,7;8,6;1;1708,4;0,9;0,4;1,327;0;NA
"P138";"queer";22;1;1;4;0;1;3;3;1;1;1;1;2;4;1;2;2;1;4;2;2;2;2;1,36;1,45;1,41;5,2;5,4;1;1654,2;0,9;0,1;2,194;0;NA
"P139";"hetero";21;1;1;5;3;2;4;4;0;1;3;3;2;4;2;2;1;1;4;1;0;4;1;1,82;0,82;1,32;3,6;7,8;1;1819,1;0,7;0,1;1,57;0;NA
"P140";"hetero";20;1;2;3;2;2;4;4;3;2;2;3;2;4;1;2;1;1;1;2;2;3;3;2;1,82;1,91;2,6;5,3;1;2135,6;0,8;0;2,438;0;NA
"P141";"hetero";22;3;3;2;3;2;2;2;2;3;3;3;1;3;2;1;2;2;3;3;2;3;2;2,36;2,36;2,36;2,2;8,3;1;1983;0,7;0,4;0,703;0;NA
"P142";"hetero";24;3;1;2;0;1;3;4;1;4;1;1;4;1;2;2;2;3;5;2;4;3;4;1,18;3,09;2,14;3,8;1,4;1;1645,4;0,9;0,4;1,327;1;"ASI-Dauer < 2 min"
"P143";"hetero";25;1;3;2;2;3;3;2;2;1;3;3;3;4;3;2;3;2;3;0;3;2;2;2,73;1,82;2,27;2,5;5,5;1;1769,4;0,9;0,2;1,845;0;NA
"P144";"queer";24;2;2;4;3;3;5;3;1;0;1;0;1;3;2;1;0;2;2;2;0;4;2;1,64;1,18;1,41;3,8;6,4;1;1518,1;0,8;0,3;1,221;0;NA
"P145";"hetero";25;2;0;4;2;2;2;4;3;4;1;2;1;3;2;2;2;3;2;2;2;4;3;1,64;2,36;2;2,2;4,8;1;2097,5;1;0,3;2,163;0;NA
"P146";"queer";24;2;2;3;1;4;1;3;3;3;2;0;3;2;3;2;3;2;3;2;3;2;4;2,18;2,82;2,5;4,7;13,7;1;1916,1;0,7;0;2,163;0;NA
"P147";"queer";25;2;1;3;2;1;3;4;1;1;1;1;1;3;2;2;0;2;4;3;2;3;1;1,27;1,73;1,5;3,8;4,6;1;1826,6;1;0;3,381;0;NA
"P148";"queer";20;3;1;3;1;2;4;5;1;1;1;1;1;4;0;0;2;1;4;0;1;4;2;0,91;1,27;1,09;4,3;7;1;1556,7;0,9;0,3;1,57;0;NA
"P149";"hetero";19;2;0;3;0;1;2;5;2;0;1;2;3;2;2;1;1;2;4;2;1;4;2;0,91;2;1,45;2,9;9,7;1;1983,1;0,8;0,4;0,978;0;NA
"P150";"queer";24;0;2;5;1;1;5;5;1;1;3;0;2;4;2;3;2;1;3;1;0;2;0;1,73;0,64;1,18;3,1;11,7;1;2004,1;0,9;0,2;1,845;0;NA
"P151";"hetero";22;1;0;3;1;0;3;4;1;0;1;1;2;4;1;1;1;2;5;2;2;3;3;0,82;1,64;1,23;3,7;8,1;1;1840,5;1;0,1;2,787;0;NA
"P152";"hetero";22;2;1;4;1;0;3;5;2;0;1;2;1;3;0;2;2;2;3;1;2;5;2;1;1,55;1,27;3,1;6;1;2166,8;0,9;0;2,787;0;NA
"P153";"hetero";21;1;4;4;3;2;3;2;3;2;2;3;3;3;4;3;4;2;1;2;3;2;2;3,18;2,09;2,64;2,5;5,5;1;2006,8;1;0,1;2,787;0;NA
"P154";"hetero";21;2;0;3;1;2;2;4;2;3;0;2;3;3;3;1;1;2;4;2;4;2;3;1,36;2,55;1,95;3,9;8;1;2384,3;0,9;0,3;1,57;0;NA
"P155";"hetero";19;1;1;3;1;1;3;3;1;1;1;2;1;4;2;2;1;2;4;0;0;4;1;1,36;1,09;1,23;4,3;5,8;1;2108,3;0,7;0,1;1,57;0;NA
"P156";"hetero";19;1;3;2;3;3;1;3;2;3;3;1;2;2;2;2;2;2;2;2;3;3;4;2,36;2,64;2,5;4,8;12,7;1;1911,9;0,9;0;2,787;0;NA
"P157";"hetero";18;2;1;3;1;1;3;3;3;2;2;2;3;2;2;1;2;3;4;3;3;3;2;1,55;2,55;2,05;4;11,6;1;2055,4;0,9;0;2,787;0;NA
"P158";"hetero";19;3;1;2;1;2;2;3;3;3;2;1;2;3;0;2;1;2;4;3;4;3;3;1,36;2,82;2,09;3,5;7,5;1;1927,4;1;0,2;2,438;0;NA
"P159";"queer";19;2;3;4;2;2;4;1;3;0;2;2;3;4;3;4;3;1;3;1;1;2;2;2,73;1,45;2,09;5;7,5;1;1567,1;0,7;0,1;1,57;0;NA
"P160";"queer";20;1;1;3;1;2;3;4;2;3;0;1;2;3;2;1;0;3;3;2;3;4;2;1,09;2,18;1,64;3,4;7,1;1;2179,6;0,8;0,1;1,845;0;NA
"P161";"queer";20;2;2;3;1;1;2;4;1;0;2;0;1;3;2;2;2;1;5;2;0;4;1;1,27;1,36;1,32;4,1;6,8;1;1940,9;0,8;0;2,438;0;NA
"P162";"hetero";23;2;1;3;1;1;2;4;2;2;1;1;2;3;1;0;2;2;4;2;2;4;2;1;2,09;1,55;3,3;8,2;1;1466,7;0,7;0,2;1,221;0;NA
"P163";"hetero";18;4;1;4;1;1;3;4;2;1;2;1;1;1;2;1;3;2;2;4;2;3;3;1,64;2,36;2;1,7;12;1;2507,2;0,8;0,3;1,221;0;NA
"P164";"queer";19;0;2;3;1;3;4;5;1;2;0;2;1;4;1;1;1;1;5;2;0;4;1;1,09;1,09;1,09;4,6;13,1;1;1681,4;0,7;0,5;0,473;0;NA
"P165";"queer";19;1;3;5;2;2;3;4;1;1;1;3;1;4;1;1;1;2;3;1;2;4;1;1,64;1,18;1,41;5;10,4;1;1735,3;0,9;0,5;1,097;0;NA
"P166";"hetero";22;2;2;4;2;3;3;3;4;4;3;2;1;4;3;2;1;2;3;2;2;3;1;2,18;2;2,09;3,1;4,5;1;1971;0,9;0,1;2,194;0;NA
"P167";"queer";18;2;2;4;0;0;3;4;3;1;1;1;1;3;0;1;2;2;4;2;2;4;2;0,91;1,82;1,36;5,2;5,4;1;1415,6;0,7;0,3;0,946;0;NA
"P168";"hetero";25;2;2;2;2;1;2;2;2;3;1;1;2;2;0;2;1;3;4;1;2;5;2;1,27;2,36;1,82;2,4;10,9;1;2202,9;0,9;0,1;2,194;0;NA
"P169";"hetero";22;3;2;4;1;2;3;3;2;2;2;2;2;2;3;1;3;3;2;1;2;3;2;2,09;2,09;2,09;4,1;7,3;1;1777,9;0,8;0,2;1,496;0;NA
"P170";"hetero";19;2;2;3;2;1;3;3;3;2;1;2;2;2;4;1;3;3;5;3;3;3;1;1,82;2,36;2,09;4,2;12,2;1;2027,7;0,7;0,1;1,57;0;NA
"P171";"queer";21;0;0;4;0;2;4;5;0;2;2;0;0;4;0;0;1;2;5;2;1;5;2;0,45;1,09;0,77;3,7;9,3;1;1861,1;0,8;0,2;1,496;0;NA
"P172";"queer";19;1;1;4;2;2;3;3;1;1;2;2;2;3;2;1;2;2;5;2;1;4;2;1,55;1,55;1,55;4,2;8,9;1;2046,4;0,9;0,1;2,194;0;NA
"P173";"hetero";19;2;3;2;3;2;1;3;3;3;4;2;1;3;3;3;1;3;3;3;2;4;2;2,36;2,55;2,45;2,8;4,9;1;2115,3;0,7;0,1;1,57;0;NA
"P174";"hetero";22;1;1;3;0;1;3;2;2;3;3;1;2;3;1;2;2;2;4;0;0;4;1;1,45;1,55;1,5;2,2;10,4;1;1913,9;0,7;0,2;1,221;0;NA
"P175";"hetero";22;2;3;2;3;2;1;3;2;4;2;2;3;2;1;2;1;3;3;1;1;4;2;1,91;2,55;2,23;2;11,6;1;2023,9;0,7;0,2;1,221;0;NA
"P176";"hetero";25;3;0;3;1;1;3;3;4;3;1;1;3;3;1;1;1;1;3;2;3;4;2;1,09;2,45;1,77;2,2;9,8;1;1907,4;1;0,2;2,438;0;NA
"P177";"queer";21;2;2;5;2;3;4;2;1;2;2;2;3;3;2;3;2;2;3;3;2;3;1;2,27;1,73;2;4,4;7;1;2022,6;0,8;0,2;1,496;0;NA
"P178";"queer";24;1;1;2;2;2;3;4;2;1;2;1;2;5;2;1;1;2;3;1;2;3;2;1,55;1,64;1,59;2,7;6,4;1;1630,3;0,6;0,1;1,327;0;NA
"P179";"hetero";23;1;2;4;2;3;5;2;1;2;3;2;1;3;2;3;2;1;2;1;2;4;0;2,36;1,09;1,73;3,1;8,4;1;1845,4;0,7;0,4;0,703;0;NA
"P180";"hetero";24;2;4;5;3;3;3;2;1;1;3;3;2;4;4;4;3;2;2;1;2;2;2;3,27;1,45;2,36;5,4;5,2;1;2171,8;0,6;0,5;0,23;0;NA
"P181";"hetero";25;1;1;4;1;1;3;4;1;2;2;2;1;4;1;2;2;1;2;2;1;3;1;1,64;1,27;1,45;3,8;4,6;1;1803,2;1;0,1;2,787;0;NA
"P182";"hetero";19;1;2;1;2;2;2;4;2;2;0;1;1;2;3;2;2;3;3;1;3;4;3;1,64;2,36;2;3,4;4;1;1775,6;0,7;0,2;1,221;0;NA
"P183";"hetero";20;0;1;4;2;1;4;3;1;1;2;3;0;3;3;2;2;1;3;3;2;4;1;1,91;1,18;1,55;2,8;11,4;1;1959,6;0,8;0,3;1,221;0;NA
"P184";"queer";24;4;2;3;3;2;1;1;1;3;2;2;2;2;3;2;2;2;2;3;4;3;3;2,45;2,82;2,64;2;7,4;1;2118,7;0,7;0,4;0,703;0;NA
"P185";"queer";23;3;2;1;1;2;2;4;3;3;2;1;3;1;1;1;1;2;4;1;2;3;2;1,36;2,73;2,05;4,8;4,1;1;1845,2;0,5;0,2;0,748;0;NA
"P186";"queer";19;2;1;3;2;2;3;4;1;1;2;2;1;2;1;0;3;3;4;2;2;4;0;1,45;1,73;1,59;5;4,2;1;1787;0,9;0,1;2,194;0;NA
"P187";"queer";19;1;2;3;4;1;2;4;2;2;2;2;2;2;2;1;2;2;4;3;2;4;4;1,73;2,36;2,05;3,9;5,5;1;2141;0,9;0;2,787;0;NA
"P188";"queer";20;3;1;3;1;1;4;4;2;1;2;2;2;2;2;2;2;2;5;2;2;4;2;1,36;2;1,68;3,3;10,7;1;1674,9;1;0,1;2,787;0;NA
"P189";"queer";25;3;1;5;1;1;4;5;2;2;1;0;2;3;1;1;0;1;5;2;2;4;2;0,64;1,73;1,18;4,1;9,4;1;1598,8;0,9;0,1;2,194;0;NA
"P190";"hetero";23;2;1;4;1;1;4;4;2;2;2;2;3;2;1;0;1;2;3;1;2;2;2;1,36;1,91;1,64;2,5;10,6;1;1994,7;0,6;0,1;1,327;0;NA
"P191";"hetero";22;3;0;2;2;1;2;3;4;3;2;3;3;3;2;3;3;4;4;3;4;3;3;1,91;3,18;2,55;4;5,1;1;2708,1;0,7;0,7;0;0;NA
"P192";"queer";24;1;1;1;3;2;2;4;3;2;1;3;2;3;2;3;3;2;3;3;3;3;3;2,09;2,55;2,32;4;9,7;1;2011,7;1;0,3;2,163;0;NA
"P193";"hetero";19;2;1;4;1;1;2;4;3;2;1;1;3;3;1;2;2;2;3;1;2;3;0;1,36;1,91;1,64;3,8;13,2;1;1957,6;0,9;0,2;1,845;0;NA
"P194";"queer";25;0;1;4;0;1;3;3;2;1;0;1;1;3;1;0;2;2;4;3;2;4;2;0,91;1,64;1,27;3,3;13,4;1;2081,7;0,9;0,4;1,327;0;NA
"P195";"hetero";20;2;1;5;2;0;3;3;1;2;1;1;1;4;1;3;1;2;4;1;2;2;1;1,45;1,36;1,41;1,9;6,3;1;1553,5;0,6;0,1;1,327;0;NA
"P196";"hetero";25;4;3;3;3;2;2;3;2;3;2;2;4;1;2;3;3;4;3;3;4;2;3;2,45;3,27;2,86;1;11,3;1;2542,6;0,7;0,2;1,221;0;NA
"P197";"hetero";19;3;2;3;2;1;3;4;2;2;2;1;3;3;1;3;2;4;3;2;4;3;4;1,73;2,73;2,23;3,4;4,3;1;1761,6;0,9;0;2,787;0;NA
"P198";"queer";23;3;1;3;2;2;3;4;2;2;2;1;2;5;2;1;2;2;3;0;3;3;2;1,64;1,82;1,73;2,8;13;1;1823,9;0,9;0,2;1,845;0;NA
"P199";"hetero";19;1;0;4;0;1;3;3;2;1;0;0;1;4;1;1;1;2;4;3;3;4;3;0,73;1,82;1,27;4,3;4,7;1;1928,8;0,9;0,2;1,845;0;NA
"P200";"queer";24;2;1;2;1;0;4;4;1;2;1;0;2;2;1;1;2;1;5;2;1;3;3;0,91;1,91;1,41;4,1;13,3;1;1816,9;0,9;0,1;2,194;0;NA
